{"artistes":[{"nom":"Drake","albums":[{"nom":"For All The Dogs Scary Hours Edition","genres":["canadian hip hop","canadian pop","hip hop","pop rap","rap"],"chansons":[{"titre":"Virginia Beach","duree":251},{"titre":"Amen (feat. Teezo Touchdown)","duree":141},{"titre":"Calling For You (feat. 21 Savage)","duree":285},{"titre":"Fear Of Heights","duree":155},{"titre":"Daylight","duree":164},{"titre":"First Person Shooter (feat. J. Cole)","duree":247},{"titre":"IDGAF (feat. Yeat)","duree":260},{"titre":"7969 Santa","duree":259},{"titre":"Slime You Out (feat. SZA)","duree":310},{"titre":"Bahamas Promises","duree":184},{"titre":"Tried Our Best","duree":209},{"titre":"Screw The World - Interlude","duree":112},{"titre":"Drew A Picasso","duree":262},{"titre":"Members Only (feat. PARTYNEXTDOOR)","duree":277},{"titre":"What Would Pluto Do","duree":182},{"titre":"All The Parties (feat. Chief Keef)","duree":218},{"titre":"8am in Charlotte","duree":266},{"titre":"BBL Love - Interlude","duree":161},{"titre":"Gently (feat. Bad Bunny)","duree":133},{"titre":"Rich Baby Daddy (feat. Sexyy Red & SZA)","duree":319},{"titre":"Another Late Night (feat. Lil Yachty)","duree":170},{"titre":"Away From Home","duree":258},{"titre":"Polar Opposites","duree":257},{"titre":"Red Button","duree":160},{"titre":"Stories About My Brother","duree":264},{"titre":"The Shoe Fits","duree":374},{"titre":"Wick Man","duree":181},{"titre":"Evil Ways (feat. J. Cole)","duree":227}]},{"nom":"For All The Dogs Scary Hours Edition","genres":["canadian hip hop","canadian pop","hip hop","pop rap","rap"],"chansons":[{"titre":"Virginia Beach","duree":251},{"titre":"Amen (feat. Teezo Touchdown)","duree":141},{"titre":"Calling For You (feat. 21 Savage)","duree":285},{"titre":"Fear Of Heights","duree":155},{"titre":"Daylight","duree":164},{"titre":"First Person Shooter (feat. J. Cole)","duree":247},{"titre":"IDGAF (feat. Yeat)","duree":260},{"titre":"7969 Santa","duree":259},{"titre":"Slime You Out (feat. SZA)","duree":310},{"titre":"Bahamas Promises","duree":184},{"titre":"Tried Our Best","duree":209},{"titre":"Screw The World - Interlude","duree":112},{"titre":"Drew A Picasso","duree":262},{"titre":"Members Only (feat. PARTYNEXTDOOR)","duree":277},{"titre":"What Would Pluto Do","duree":182},{"titre":"All The Parties (feat. Chief Keef)","duree":218},{"titre":"8am in Charlotte","duree":266},{"titre":"BBL Love - Interlude","duree":161},{"titre":"Gently (feat. Bad Bunny)","duree":133},{"titre":"Rich Baby Daddy (feat. Sexyy Red & SZA)","duree":319},{"titre":"Another Late Night (feat. Lil Yachty)","duree":170},{"titre":"Away From Home","duree":258},{"titre":"Polar Opposites","duree":257},{"titre":"Red Button","duree":160},{"titre":"Stories About My Brother","duree":264},{"titre":"The Shoe Fits","duree":374},{"titre":"Wick Man","duree":181},{"titre":"Evil Ways (feat. J. Cole)","duree":227}]},{"nom":"For All The Dogs","genres":["canadian hip hop","canadian pop","hip hop","pop rap","rap"],"chansons":[{"titre":"Virginia Beach","duree":251},{"titre":"Amen (feat. Teezo Touchdown)","duree":141},{"titre":"Calling For You (feat. 21 Savage)","duree":285},{"titre":"Fear Of Heights","duree":155},{"titre":"Daylight","duree":164},{"titre":"First Person Shooter (feat. J. Cole)","duree":247},{"titre":"IDGAF (feat. Yeat)","duree":260},{"titre":"7969 Santa","duree":259},{"titre":"Slime You Out (feat. SZA)","duree":310},{"titre":"Bahamas Promises","duree":184},{"titre":"Tried Our Best","duree":209},{"titre":"Screw The World - Interlude","duree":112},{"titre":"Drew A Picasso","duree":262},{"titre":"Members Only (feat. PARTYNEXTDOOR)","duree":277},{"titre":"What Would Pluto Do","duree":182},{"titre":"All The Parties (feat. Chief Keef)","duree":218},{"titre":"8am in Charlotte","duree":266},{"titre":"BBL Love - Interlude","duree":161},{"titre":"Gently (feat. Bad Bunny)","duree":133},{"titre":"Rich Baby Daddy (feat. Sexyy Red & SZA)","duree":319},{"titre":"Another Late Night (feat. Lil Yachty)","duree":170},{"titre":"Away From Home","duree":258}]},{"nom":"For All The Dogs","genres":["canadian hip hop","canadian pop","hip hop","pop rap","rap"],"chansons":[{"titre":"Virginia Beach","duree":251},{"titre":"Amen (feat. Teezo Touchdown)","duree":141},{"titre":"Calling For You (feat. 21 Savage)","duree":285},{"titre":"Fear Of Heights","duree":155},{"titre":"Daylight","duree":164},{"titre":"First Person Shooter (feat. J. Cole)","duree":247},{"titre":"IDGAF (feat. Yeat)","duree":260},{"titre":"7969 Santa","duree":259},{"titre":"Slime You Out (feat. SZA)","duree":310},{"titre":"Bahamas Promises","duree":184},{"titre":"Tried Our Best","duree":209},{"titre":"Screw The World - Interlude","duree":112},{"titre":"Drew A Picasso","duree":262},{"titre":"Members Only (feat. PARTYNEXTDOOR)","duree":277},{"titre":"What Would Pluto Do","duree":182},{"titre":"All The Parties (feat. Chief Keef)","duree":218},{"titre":"8am in Charlotte","duree":266},{"titre":"BBL Love - Interlude","duree":161},{"titre":"Gently (feat. Bad Bunny)","duree":133},{"titre":"Rich Baby Daddy (feat. Sexyy Red & SZA)","duree":319},{"titre":"Another Late Night (feat. Lil Yachty)","duree":170},{"titre":"Away From Home","duree":258}]},{"nom":"Her Loss","genres":["canadian hip hop","canadian pop","hip hop","pop rap","rap"],"chansons":[{"titre":"Rich Flex","duree":239},{"titre":"Major Distribution","duree":170},{"titre":"On BS","duree":261},{"titre":"BackOutsideBoyz","duree":152},{"titre":"Privileged Rappers","duree":160},{"titre":"Spin Bout U","duree":214},{"titre":"Hours In Silence","duree":399},{"titre":"Treacherous Twins","duree":180},{"titre":"Circo Loco","duree":236},{"titre":"Pussy & Millions (feat. Travis Scott)","duree":242},{"titre":"Broke Boys","duree":225},{"titre":"Middle of the Ocean","duree":356},{"titre":"Jumbotron Shit Poppin","duree":137},{"titre":"More M\u2019s","duree":221},{"titre":"3AM on Glenwood","duree":178}]},{"nom":"Her Loss","genres":["canadian hip hop","canadian pop","hip hop","pop rap","rap"],"chansons":[{"titre":"Rich Flex","duree":239},{"titre":"Major Distribution","duree":170},{"titre":"On BS","duree":261},{"titre":"BackOutsideBoyz","duree":152},{"titre":"Privileged Rappers","duree":160},{"titre":"Spin Bout U","duree":214},{"titre":"Hours In Silence","duree":399},{"titre":"Treacherous Twins","duree":180},{"titre":"Circo Loco","duree":236},{"titre":"Pussy & Millions (feat. Travis Scott)","duree":242},{"titre":"Broke Boys","duree":225},{"titre":"Middle of the Ocean","duree":356},{"titre":"Jumbotron Shit Poppin","duree":137},{"titre":"More M\u2019s","duree":221},{"titre":"3AM on Glenwood","duree":178}]},{"nom":"Honestly, Nevermind","genres":["canadian hip hop","canadian pop","hip hop","pop rap","rap"],"chansons":[{"titre":"Intro","duree":36},{"titre":"Falling Back","duree":266},{"titre":"Texts Go Green","duree":308},{"titre":"Currents","duree":157},{"titre":"A Keeper","duree":173},{"titre":"Calling My Name","duree":129},{"titre":"Sticky","duree":243},{"titre":"Massive","duree":336},{"titre":"Flight's Booked","duree":254},{"titre":"Overdrive","duree":202},{"titre":"Down Hill","duree":250},{"titre":"Tie That Binds","duree":336},{"titre":"Liability","duree":237}]},{"nom":"Honestly, Nevermind","genres":["canadian hip hop","canadian pop","hip hop","pop rap","rap"],"chansons":[{"titre":"Intro","duree":36},{"titre":"Falling Back","duree":266},{"titre":"Texts Go Green","duree":308},{"titre":"Currents","duree":157},{"titre":"A Keeper","duree":173},{"titre":"Calling My Name","duree":129},{"titre":"Sticky","duree":243},{"titre":"Massive","duree":336},{"titre":"Flight's Booked","duree":254},{"titre":"Overdrive","duree":202},{"titre":"Down Hill","duree":250},{"titre":"Tie That Binds","duree":336},{"titre":"Liability","duree":237}]},{"nom":"Certified Lover Boy","genres":["canadian hip hop","canadian pop","hip hop","pop rap","rap"],"chansons":[{"titre":"Champagne Poetry","duree":336},{"titre":"Papi\u2019s Home","duree":178},{"titre":"Girls Want Girls (with Lil Baby)","duree":221},{"titre":"In The Bible (with Lil Durk & Giveon)","duree":296},{"titre":"Love All (with JAY-Z)","duree":228},{"titre":"Fair Trade (with Travis Scott)","duree":291},{"titre":"Way 2 Sexy (with Future & Young Thug)","duree":257},{"titre":"TSU","duree":308},{"titre":"N 2 Deep","duree":273},{"titre":"Pipe Down","duree":205},{"titre":"Yebba\u2019s Heartbreak","duree":133},{"titre":"No Friends In The Industry","duree":204},{"titre":"Knife Talk (with 21 Savage ft. Project Pat)","duree":242},{"titre":"7am On Bridle Path","duree":239},{"titre":"Race My Mind","duree":269},{"titre":"Fountains (with Tems)","duree":192},{"titre":"Get Along Better","duree":229},{"titre":"You Only Live Twice (with Lil Wayne & Rick Ross)","duree":213},{"titre":"IMY2 (with Kid Cudi)","duree":252},{"titre":"F*****g Fans","duree":245}]},{"nom":"Certified Lover Boy","genres":["canadian hip hop","canadian pop","hip hop","pop rap","rap"],"chansons":[{"titre":"Champagne Poetry","duree":336},{"titre":"Papi\u2019s Home","duree":178},{"titre":"Girls Want Girls (with Lil Baby)","duree":221},{"titre":"In The Bible (with Lil Durk & Giveon)","duree":296},{"titre":"Love All (with JAY-Z)","duree":228},{"titre":"Fair Trade (with Travis Scott)","duree":291},{"titre":"Way 2 Sexy (with Future & Young Thug)","duree":257},{"titre":"TSU","duree":308},{"titre":"N 2 Deep","duree":273},{"titre":"Pipe Down","duree":205},{"titre":"Yebba\u2019s Heartbreak","duree":133},{"titre":"No Friends In The Industry","duree":204},{"titre":"Knife Talk (with 21 Savage ft. Project Pat)","duree":242},{"titre":"7am On Bridle Path","duree":239},{"titre":"Race My Mind","duree":269},{"titre":"Fountains (with Tems)","duree":192},{"titre":"Get Along Better","duree":229},{"titre":"You Only Live Twice (with Lil Wayne & Rick Ross)","duree":213},{"titre":"IMY2 (with Kid Cudi)","duree":252},{"titre":"F*****g Fans","duree":245}]},{"nom":"Dark Lane Demo Tapes","genres":["canadian hip hop","canadian pop","hip hop","pop rap","rap"],"chansons":[{"titre":"Deep Pockets","duree":222},{"titre":"When To Say When","duree":223},{"titre":"Chicago Freestyle (feat. Giveon)","duree":220},{"titre":"Not You Too (feat. Chris Brown)","duree":269},{"titre":"Toosie Slide","duree":247},{"titre":"Desires (with Future)","duree":237},{"titre":"Time Flies","duree":192},{"titre":"Landed","duree":152},{"titre":"D4L","duree":189},{"titre":"Pain 1993 (with Playboi Carti)","duree":149},{"titre":"Losses","duree":271},{"titre":"From Florida With Love","duree":234},{"titre":"Demons (feat. Fivio Foreign & Sosa Geek)","duree":204}]},{"nom":"Dark Lane Demo Tapes","genres":["canadian hip hop","canadian pop","hip hop","pop rap","rap"],"chansons":[{"titre":"Deep Pockets","duree":222},{"titre":"When To Say When","duree":223},{"titre":"Chicago Freestyle (feat. Giveon)","duree":220},{"titre":"Not You Too (feat. Chris Brown)","duree":269},{"titre":"Toosie Slide","duree":247},{"titre":"Desires (with Future)","duree":237},{"titre":"Time Flies","duree":192},{"titre":"Landed","duree":152},{"titre":"D4L","duree":184},{"titre":"Pain 1993 (with Playboi Carti)","duree":149},{"titre":"Losses","duree":271},{"titre":"From Florida With Love","duree":234},{"titre":"Demons (feat. Fivio Foreign & Sosa Geek)","duree":204}]},{"nom":"Care Package","genres":["canadian hip hop","canadian pop","hip hop","pop rap","rap"],"chansons":[{"titre":"Dreams Money Can Buy","duree":253},{"titre":"The Motion","duree":240},{"titre":"How Bout Now","duree":235},{"titre":"Trust Issues","duree":281},{"titre":"Days in The East","duree":353},{"titre":"Draft Day","duree":266},{"titre":"4pm in Calabasas","duree":240},{"titre":"5 Am in Toronto","duree":205},{"titre":"I Get Lonely","duree":253},{"titre":"My Side","duree":294},{"titre":"Jodeci Freestyle (feat. J. Cole)","duree":254},{"titre":"Club Paradise","duree":283},{"titre":"Free Spirit (feat. Rick Ross)","duree":252},{"titre":"Heat Of The Moment","duree":343},{"titre":"Girls Love Beyonc\u00e9 (feat. James Fauntleroy)","duree":225},{"titre":"Paris Morton Music","duree":251}]},{"nom":"Care Package","genres":["canadian hip hop","canadian pop","hip hop","pop rap","rap"],"chansons":[{"titre":"Dreams Money Can Buy","duree":253},{"titre":"The Motion","duree":240},{"titre":"How Bout Now","duree":235},{"titre":"Trust Issues","duree":281},{"titre":"Days in The East","duree":353},{"titre":"Draft Day","duree":266},{"titre":"4pm in Calabasas","duree":240},{"titre":"5 Am in Toronto","duree":205},{"titre":"I Get Lonely","duree":253},{"titre":"My Side","duree":294},{"titre":"Jodeci Freestyle (feat. J. Cole)","duree":254},{"titre":"Club Paradise","duree":283},{"titre":"Free Spirit (feat. Rick Ross)","duree":252},{"titre":"Heat Of The Moment","duree":343},{"titre":"Girls Love Beyonc\u00e9 (feat. James Fauntleroy)","duree":225},{"titre":"Paris Morton Music","duree":251}]},{"nom":"Scorpion","genres":["canadian hip hop","canadian pop","hip hop","pop rap","rap"],"chansons":[{"titre":"Survival","duree":136},{"titre":"Nonstop","duree":238},{"titre":"Elevate","duree":184},{"titre":"Emotionless","duree":302},{"titre":"God's Plan","duree":198},{"titre":"I'm Upset","duree":214},{"titre":"8 Out Of 10","duree":195},{"titre":"Mob Ties","duree":205},{"titre":"Can\u2019t Take A Joke","duree":163},{"titre":"Sandra\u2019s Rose","duree":216},{"titre":"Talk Up (feat. Jay-Z)","duree":223},{"titre":"Is There More","duree":226},{"titre":"Peak","duree":206},{"titre":"Summer Games","duree":247},{"titre":"Jaded","duree":262},{"titre":"Nice For What","duree":210},{"titre":"Finesse","duree":182},{"titre":"Ratchet Happy Birthday","duree":207},{"titre":"That\u2019s How You Feel","duree":157},{"titre":"Blue Tint","duree":162},{"titre":"In My Feelings","duree":217},{"titre":"Don\u2019t Matter To Me (with Michael Jackson)","duree":245},{"titre":"After Dark (feat. Static Major & Ty Dolla $ign)","duree":289},{"titre":"Final Fantasy","duree":219}]},{"nom":"Scorpion","genres":["canadian hip hop","canadian pop","hip hop","pop rap","rap"],"chansons":[{"titre":"Survival","duree":136},{"titre":"Nonstop","duree":238},{"titre":"Elevate","duree":184},{"titre":"Emotionless","duree":302},{"titre":"God's Plan","duree":198},{"titre":"I'm Upset","duree":214},{"titre":"8 Out Of 10","duree":195},{"titre":"Mob Ties","duree":205},{"titre":"Can\u2019t Take A Joke","duree":163},{"titre":"Sandra\u2019s Rose","duree":216},{"titre":"Talk Up (feat. Jay-Z)","duree":223},{"titre":"Is There More","duree":226},{"titre":"Peak","duree":206},{"titre":"Summer Games","duree":247},{"titre":"Jaded","duree":262},{"titre":"Nice For What","duree":210},{"titre":"Finesse","duree":182},{"titre":"Ratchet Happy Birthday","duree":207},{"titre":"That\u2019s How You Feel","duree":157},{"titre":"Blue Tint","duree":162},{"titre":"In My Feelings","duree":217},{"titre":"Don\u2019t Matter To Me (with Michael Jackson)","duree":245},{"titre":"After Dark (feat. Static Major & Ty Dolla $ign)","duree":289},{"titre":"Final Fantasy","duree":219}]}]},{"nom":"Drake Bell","albums":[{"nom":"Sesiones En Casa","genres":[],"chansons":[{"titre":"Bitchcraft","duree":162},{"titre":"Hollywood Girl","duree":186},{"titre":"Found A Way","duree":171},{"titre":"Makes Me Happy","duree":138},{"titre":"Honest","duree":210},{"titre":"Fuego Lento","duree":144},{"titre":"Diosa","duree":186},{"titre":"La Camisa Negra","duree":223},{"titre":"I Know","duree":248}]},{"nom":"The Lost Album","genres":[],"chansons":[{"titre":"You Want Me","duree":241},{"titre":"On to You","duree":172},{"titre":"It's Never Over","duree":178},{"titre":"All the Days of my Life","duree":189},{"titre":"Sail On","duree":239},{"titre":"Nowhere Else to Go","duree":227},{"titre":"Love Back","duree":219},{"titre":"What is wrong?","duree":168},{"titre":"The Party","duree":172},{"titre":"Pots & Pans","duree":178}]},{"nom":"Ready Steady Go!","genres":[],"chansons":[{"titre":"Sunny Afternoon","duree":201},{"titre":"Bull","duree":157},{"titre":"I Won't Stand in Your Way","duree":246},{"titre":"Bitchcraft","duree":180},{"titre":"Runaway Boys","duree":185},{"titre":"Makes Me Happy","duree":171},{"titre":"It's Still Rock and Roll to Me","duree":175},{"titre":"Melina","duree":198},{"titre":"Crazy Little Thing Called Love","duree":176},{"titre":"California Man","duree":186},{"titre":"Back of My Hand","duree":199}]},{"nom":"It's Only Time","genres":[],"chansons":[{"titre":"Up Periscope","duree":195},{"titre":"I Know","duree":225},{"titre":"Do What You Want","duree":205},{"titre":"It's Only Time","duree":239},{"titre":"Found A Way - Acoustic","duree":182},{"titre":"Makes Me Happy","duree":127},{"titre":"Fool The World","duree":282},{"titre":"Fallen For You","duree":196},{"titre":"Rusted Silhouette","duree":188},{"titre":"Break Me Down","duree":126}]}]},{"nom":"Drakeo the Ruler","albums":[{"nom":"A Cold Day In Hell (Deluxe)","genres":["cali rap"],"chansons":[{"titre":"No Remorse","duree":157},{"titre":"Outdated","duree":166},{"titre":"Black Sleeve","duree":260},{"titre":"Homeruns","duree":175},{"titre":"What Happened To Deebo","duree":156},{"titre":"Store Runner","duree":224},{"titre":"First Place","duree":161},{"titre":"Stop Lying","duree":181},{"titre":"Not The Same","duree":245},{"titre":"Let Rami Rap","duree":145},{"titre":"Spirit Fingers","duree":223},{"titre":"In Loving Memory","duree":204},{"titre":"Everything U Lookin 4","duree":123},{"titre":"Fantastic","duree":152},{"titre":"Cold Day In Hell","duree":134},{"titre":"Identify Yourself","duree":249},{"titre":"Close That Backdoor","duree":222},{"titre":"Phineas N Ferb","duree":235},{"titre":"Diddy Bop","duree":181},{"titre":"Baddest Kid","duree":192},{"titre":"Gang N' Em","duree":231},{"titre":"Drumline","duree":168},{"titre":"Knuck If You Buck","duree":195},{"titre":"Would U Look At That","duree":160},{"titre":"Not At All","duree":174},{"titre":"Just Retire","duree":174},{"titre":"Stincs Got You Mad","duree":195},{"titre":"Awful Lot Of","duree":251},{"titre":"Homebody","duree":137}]},{"nom":"Keep The Truth Alive","genres":["cali rap"],"chansons":[{"titre":"Extortion","duree":353},{"titre":"Ask For Permission","duree":135},{"titre":"Them Yo Friends?","duree":9},{"titre":"Hang With The Opps","duree":204},{"titre":"Suicide Dawn","duree":169},{"titre":"Been Regular","duree":53},{"titre":"DRAKEO Not Drake-O","duree":146},{"titre":"Slip & Fall","duree":151},{"titre":"Keep Watchin'","duree":79},{"titre":"Get Yo Boogie On","duree":88},{"titre":"John Lennon","duree":112},{"titre":"80 Thousand","duree":125},{"titre":"3Ks","duree":173},{"titre":"Stop Me","duree":151},{"titre":"Won't Be Doing That","duree":10},{"titre":"The Real Champion","duree":164},{"titre":"My Way Or The Highway","duree":121}]},{"nom":"So Cold I Do Em 2","genres":["cali rap"],"chansons":[{"titre":"California's Hero","duree":99},{"titre":"Small Talk","duree":198},{"titre":"Stop Playin Wit That Man","duree":217},{"titre":"Shake Down","duree":172},{"titre":"Gorillas n Nuns","duree":186},{"titre":"Go Crazy","duree":243},{"titre":"Boss Me - Freestyle","duree":182},{"titre":"Old Drakeo","duree":169},{"titre":"Bands - Freestyle","duree":136},{"titre":"Evil Thoughts","duree":158},{"titre":"Been Had Uchies","duree":173},{"titre":"No Love","duree":301},{"titre":"Leave Em Stretched - Freestyle","duree":91},{"titre":"GangNEm - Pt. 2","duree":162},{"titre":"Time - Freestyle","duree":221},{"titre":"Stincs Run LA","duree":163},{"titre":"Betchua - Freestyle","duree":388},{"titre":"300 Raccs","duree":169},{"titre":"Whole Lotta Ice","duree":223},{"titre":"New Niggas","duree":179},{"titre":"Comfortable","duree":121},{"titre":"New Leaf","duree":201},{"titre":"Hundiddy Bop Bop","duree":149},{"titre":"John Gotti","duree":151},{"titre":"Touchable - Freestyle","duree":135},{"titre":"Break Dance","duree":246},{"titre":"Los Scandalous","duree":92},{"titre":"Pole Dancer","duree":214}]},{"nom":"Ain't That The Truth","genres":["cali rap"],"chansons":[{"titre":"Just Dance","duree":142},{"titre":"Wok And Red","duree":250},{"titre":"Tricky Ball Play (feat. EST Gee)","duree":265},{"titre":"Black Buttons","duree":150},{"titre":"Way Before The Fame","duree":185},{"titre":"Cookie Pack (feat. Ralfy the Plug)","duree":192},{"titre":"Flu Flam A Opp (feat. Ralfy the Plug)","duree":242},{"titre":"Mitchy Slickster (feat. Ralfy the Plug)","duree":202},{"titre":"Pump Faker","duree":201},{"titre":"Chops Out (feat. Tory Lanez & Ralfy the Plug)","duree":168},{"titre":"Should I Kill Him (feat. Peezy)","duree":269},{"titre":"Idk Why (feat. GrindHard E & Slo-Be)","duree":300},{"titre":"Sum U Didn't Know","duree":145},{"titre":"Boogieman","duree":150},{"titre":"Stop Cappin (feat. Shy Glizzy)","duree":264},{"titre":"She's A Roller","duree":151}]},{"nom":"A Cold Day In Hell","genres":["cali rap"],"chansons":[{"titre":"Intro (He's Never Coming Back)","duree":49},{"titre":"Cold Day In Hell","duree":134},{"titre":"Identify Yourself","duree":249},{"titre":"Close That Backdoor","duree":222},{"titre":"Phineas n Ferb","duree":235},{"titre":"Diddy Bop","duree":181},{"titre":"Baddest Kid","duree":192},{"titre":"Gang N' Em","duree":231},{"titre":"Drumline","duree":168},{"titre":"Knuck If You Buck","duree":195},{"titre":"Would U Look At That","duree":160},{"titre":"Not At All","duree":174},{"titre":"Just Retire","duree":174},{"titre":"Stincs Got You Mad","duree":195},{"titre":"Awful Lot Of","duree":251},{"titre":"Homebody","duree":137}]},{"nom":"The Truth Hurts","genres":["cali rap"],"chansons":[{"titre":"Intro","duree":313},{"titre":"Too Icey","duree":190},{"titre":"No Apologies","duree":110},{"titre":"It's Sum Shit On Me","duree":178},{"titre":"10","duree":149},{"titre":"Same Order","duree":172},{"titre":"Engineer Scared","duree":220},{"titre":"Chrome Hearts","duree":133},{"titre":"RIP Deebo","duree":148},{"titre":"Not Normal","duree":199},{"titre":"Exclusive","duree":153},{"titre":"Dawn Toliver","duree":192},{"titre":"When Thugs Cry","duree":107},{"titre":"Pow Right In The Kisser","duree":324},{"titre":"Tear The Club Up","duree":158},{"titre":"Talk To Me","duree":227}]},{"nom":"The Truth Hurts (Radio Edit)","genres":["cali rap"],"chansons":[{"titre":"Intro","duree":308},{"titre":"Too Icey","duree":190},{"titre":"No Apologies","duree":110},{"titre":"It's Sum Shit On Me","duree":180},{"titre":"10","duree":149},{"titre":"Same Order","duree":172},{"titre":"Engineer Scared","duree":220},{"titre":"Chrome Hearts","duree":133},{"titre":"RIP Deebo","duree":148},{"titre":"Not Normal","duree":200},{"titre":"Exclusive","duree":153},{"titre":"Dawn Toliver","duree":192},{"titre":"When Thugs Cry","duree":107},{"titre":"Pow Right In The Kisser","duree":324},{"titre":"Tear The Club Up","duree":158}]},{"nom":"Because Yall Asked","genres":["cali rap"],"chansons":[{"titre":"Quit Rappin","duree":136},{"titre":"Tell You the Truth","duree":220},{"titre":"GTA VI","duree":166},{"titre":"Backflip or Sumn","duree":173},{"titre":"Keep it 100","duree":107},{"titre":"R.I.P. Barneys","duree":89},{"titre":"Bad Timing","duree":138},{"titre":"Social Media Can't Help You","duree":190},{"titre":"Maestro's Tension","duree":168},{"titre":"Fuck the Party Up (feat. Rio Da Yung OG)","duree":167},{"titre":"ChalkZone (feat. Lil 9)","duree":156},{"titre":"Pressure","duree":170},{"titre":"I Want It All","duree":182},{"titre":"To Be Honest","duree":180}]},{"nom":"We Know the Truth (Deluxe)","genres":["cali rap"],"chansons":[{"titre":"I'm The Type","duree":137},{"titre":"Fuck 69","duree":180},{"titre":"Do or Die","duree":156},{"titre":"Bushido Brown","duree":150},{"titre":"For Real","duree":214},{"titre":"90's Baby","duree":120},{"titre":"Deebo Coming","duree":148},{"titre":"We Know The Truth","duree":215},{"titre":"20 Pieces","duree":157},{"titre":"Too Famous","duree":137},{"titre":"Fullys For Bullies","duree":186},{"titre":"Punk Rock Bitch","duree":196},{"titre":"Fights Don't Matter","duree":153},{"titre":"Energy","duree":235},{"titre":"Lil Boosie","duree":190},{"titre":"Hundiddy","duree":128},{"titre":"In My Rear","duree":179},{"titre":"Big Dogg","duree":177},{"titre":"Who Am I","duree":182},{"titre":"Captions","duree":171},{"titre":"Friday","duree":146},{"titre":"Mardi Gras","duree":141},{"titre":"Mr. Mosely Claps Back","duree":172},{"titre":"John Madden","duree":129}]},{"nom":"Thank You For Using GTL","genres":["cali rap"],"chansons":[{"titre":"Intro","duree":45},{"titre":"Quit Rappin","duree":175},{"titre":"Tell You the Truth","duree":217},{"titre":"GTA VI","duree":154},{"titre":"Backflip or Sumn","duree":201},{"titre":"Keep it 100","duree":155},{"titre":"R.I.P. Barneys","duree":122},{"titre":"Bad Timing","duree":126},{"titre":"Social Media Can't Help You","duree":184},{"titre":"Maestro's Tension","duree":168},{"titre":"Fuck the Party Up (feat. Rio Da Yung OG)","duree":195},{"titre":"ChalkZone (feat. Lil 9)","duree":159},{"titre":"Pressure","duree":167},{"titre":"I Want It All","duree":182},{"titre":"It's a Secret (feat. ALLBLACK)","duree":168},{"titre":"Spousal Abuse","duree":162},{"titre":"Ice Chili","duree":178},{"titre":"To Be Honest","duree":182}]},{"nom":"Free Drakeo","genres":["cali rap"],"chansons":[{"titre":"Letter From Me to You Freestyle (Intro)","duree":147},{"titre":"Crime Stoppers","duree":184},{"titre":"Black Holocaust","duree":200},{"titre":"Let's Go","duree":199},{"titre":"Touchin","duree":167},{"titre":"Ion Rap Beef","duree":172},{"titre":"Mud Walkin","duree":165},{"titre":"I Could Never","duree":226},{"titre":"Fuck Being Humble","duree":165},{"titre":"Mr. Everything","duree":150},{"titre":"Tell Me How You Feel","duree":183},{"titre":"Married to the Money","duree":144},{"titre":"Mr. Get Dough","duree":246}]},{"nom":"Cold Devil","genres":["cali rap"],"chansons":[{"titre":"Big Banc Uchies","duree":200},{"titre":"Flu Flamming","duree":140},{"titre":"Hood Trophy","duree":146},{"titre":"Red tape, yellow tape","duree":137},{"titre":"Neiman & Marcus Don't Know You","duree":144},{"titre":"Fools Gold","duree":110},{"titre":"Bullet Proof (feat. Bambino)","duree":97},{"titre":"Pippy Long Stockin (feat. Ketchy The Great & Ralfy The Plug)","duree":188},{"titre":"Damn Daddy (feat. Ohgeesy)","duree":135},{"titre":"They Don't Know You (feat. Ralfy The Plug)","duree":178},{"titre":"Out The Slums (feat. 03 Greedo)","duree":194},{"titre":"100 (feat. 03 Greedo)","duree":198},{"titre":"Backseat Bandit (feat. SaySoTheMac)","duree":198},{"titre":"Roll Bounce","duree":206},{"titre":"Blamped (feat. ALLBLACK)","duree":144}]},{"nom":"So Cold I Do Em","genres":["cali rap"],"chansons":[{"titre":"Intro","duree":106},{"titre":"A Fan","duree":91},{"titre":"Drakeo","duree":275},{"titre":"Chopsticks","duree":156},{"titre":"Levels","duree":180},{"titre":"Skrilla Freestyle","duree":154},{"titre":"187 Freestyle","duree":191},{"titre":"Drip from My Walk Freestyle","duree":134},{"titre":"Cocoon Freestyle","duree":104},{"titre":"New K Freestyle","duree":128},{"titre":"Shanaynay, Pt. 2","duree":194},{"titre":"Flex Freestyle","duree":193},{"titre":"Popular Freestyle","duree":176}]}]},{"nom":"Drake Milligan","albums":[]},{"nom":"Drake White","albums":[{"nom":"The Optimystic","genres":["modern country rock"],"chansons":[{"titre":"50 Years Too Late","duree":251},{"titre":"American Thunder","duree":204},{"titre":"Rainbow State of Mind","duree":205},{"titre":"Pawn Shop Rings and Double Wide Dreams","duree":185},{"titre":"Giants","duree":190},{"titre":"Hurts the Healing","duree":163},{"titre":"It Takes Time","duree":209},{"titre":"Power of a Woman","duree":201},{"titre":"Legends Never Die","duree":200},{"titre":"Can't Have My Dog","duree":191},{"titre":"Angel Side of You","duree":213},{"titre":"Free","duree":187},{"titre":"The Optimystic","duree":209}]}]},{"nom":"The Weeknd","albums":[{"nom":"Starboy (Deluxe)","genres":["canadian contemporary r&b","canadian pop","pop"],"chansons":[{"titre":"Starboy (feat. Daft Punk)","duree":230},{"titre":"Party Monster","duree":249},{"titre":"False Alarm","duree":220},{"titre":"Reminder","duree":218},{"titre":"Rockin\u2019","duree":232},{"titre":"Secrets","duree":265},{"titre":"True Colors","duree":206},{"titre":"Stargirl Interlude (feat. Lana Del Rey)","duree":111},{"titre":"Sidewalks (feat. Kendrick Lamar)","duree":231},{"titre":"Six Feet Under","duree":237},{"titre":"Love To Lay","duree":223},{"titre":"A Lonely Night","duree":220},{"titre":"Attention","duree":197},{"titre":"Ordinary Life","duree":221},{"titre":"Nothing Without You","duree":198},{"titre":"All I Know (feat. Future)","duree":321},{"titre":"Die For You","duree":260},{"titre":"I Feel It Coming (feat. Daft Punk)","duree":269},{"titre":"Die For You (with Ariana Grande) - Remix","duree":232},{"titre":"Starboy (feat. Daft Punk) - Kygo Remix","duree":244}]},{"nom":"Starboy (Deluxe)","genres":["canadian contemporary r&b","canadian pop","pop"],"chansons":[{"titre":"Starboy (feat. Daft Punk)","duree":230},{"titre":"Party Monster","duree":249},{"titre":"False Alarm","duree":220},{"titre":"Reminder","duree":218},{"titre":"Rockin\u2019","duree":232},{"titre":"Secrets","duree":265},{"titre":"True Colors","duree":206},{"titre":"Stargirl Interlude (feat. Lana Del Rey)","duree":111},{"titre":"Sidewalks (feat. Kendrick Lamar)","duree":231},{"titre":"Six Feet Under","duree":237},{"titre":"Love To Lay","duree":223},{"titre":"A Lonely Night","duree":220},{"titre":"Attention","duree":197},{"titre":"Ordinary Life","duree":221},{"titre":"Nothing Without You","duree":198},{"titre":"All I Know (feat. Future)","duree":321},{"titre":"Die For You","duree":260},{"titre":"I Feel It Coming (feat. Daft Punk)","duree":269},{"titre":"Die For You (with Ariana Grande) - Remix","duree":232},{"titre":"Starboy (feat. Daft Punk) - Kygo Remix","duree":244}]},{"nom":"Live At SoFi Stadium","genres":["canadian contemporary r&b","canadian pop","pop"],"chansons":[{"titre":"Intro - Live","duree":95},{"titre":"Alone Again - Live","duree":167},{"titre":"Gasoline - Live","duree":195},{"titre":"Sacrifice - Live","duree":263},{"titre":"How Do I Make You Love Me? - Live","duree":209},{"titre":"Can't Feel My Face - Live","duree":183},{"titre":"Take My Breath - Live","duree":235},{"titre":"Hurricane - Live","duree":127},{"titre":"The Hills - Live","duree":185},{"titre":"Often - Live","duree":148},{"titre":"Crew Love - Live","duree":113},{"titre":"Starboy - Live","duree":245},{"titre":"Heartless - Live","duree":124},{"titre":"Low Life - Live","duree":107},{"titre":"Or Nah - Live","duree":101},{"titre":"Kiss Land - Live","duree":110},{"titre":"Party Monster - Live","duree":189},{"titre":"Faith - Live","duree":185},{"titre":"After Hours - Live","duree":267},{"titre":"Out of Time - Live","duree":200},{"titre":"I Feel It Coming - Live","duree":234},{"titre":"Die For You - Live","duree":193},{"titre":"Is There Someone Else? - Live","duree":237},{"titre":"I Was Never There - Live","duree":137},{"titre":"Wicked Games - Live","duree":143},{"titre":"Call Out My Name - Live","duree":242},{"titre":"The Morning - Live","duree":199},{"titre":"Save Your Tears - Live","duree":178},{"titre":"Less Than Zero - Live","duree":244},{"titre":"Blinding Lights - Live","duree":253}]},{"nom":"Live At SoFi Stadium","genres":["canadian contemporary r&b","canadian pop","pop"],"chansons":[{"titre":"Intro - Live","duree":95},{"titre":"Alone Again - Live","duree":167},{"titre":"Gasoline - Live","duree":195},{"titre":"Sacrifice - Live","duree":263},{"titre":"How Do I Make You Love Me? - Live","duree":209},{"titre":"Can't Feel My Face - Live","duree":183},{"titre":"Take My Breath - Live","duree":235},{"titre":"Hurricane - Live","duree":127},{"titre":"The Hills - Live","duree":185},{"titre":"Often - Live","duree":148},{"titre":"Crew Love - Live","duree":113},{"titre":"Starboy - Live","duree":245},{"titre":"Heartless - Live","duree":124},{"titre":"Low Life - Live","duree":107},{"titre":"Or Nah - Live","duree":101},{"titre":"Kiss Land - Live","duree":110},{"titre":"Party Monster - Live","duree":189},{"titre":"Faith - Live","duree":185},{"titre":"After Hours - Live","duree":267},{"titre":"Out of Time - Live","duree":200},{"titre":"I Feel It Coming - Live","duree":234},{"titre":"Die For You - Live","duree":193},{"titre":"Is There Someone Else? - Live","duree":237},{"titre":"I Was Never There - Live","duree":137},{"titre":"Wicked Games - Live","duree":143},{"titre":"Call Out My Name - Live","duree":242},{"titre":"The Morning - Live","duree":199},{"titre":"Save Your Tears - Live","duree":178},{"titre":"Less Than Zero - Live","duree":244},{"titre":"Blinding Lights - Live","duree":253}]},{"nom":"Avatar: The Way of Water (Original Motion Picture Soundtrack)","genres":["canadian contemporary r&b","canadian pop","pop"],"chansons":[{"titre":"Nothing Is Lost (You Give Me Strength)","duree":267},{"titre":"Into the Water","duree":220},{"titre":"Happiness Is Simple","duree":142},{"titre":"A New Star","duree":176},{"titre":"Converging Paths","duree":105},{"titre":"Rescue and Loss","duree":399},{"titre":"Family Is Our Fortress","duree":186},{"titre":"Leaving Home","duree":207},{"titre":"The Way of Water","duree":150},{"titre":"Payakan","duree":210},{"titre":"Mighty Eywa","duree":252},{"titre":"Friends","duree":107},{"titre":"Cove of the Ancestors","duree":166},{"titre":"The Tulkun Return","duree":171},{"titre":"The Hunt","duree":347},{"titre":"Na'vi Attack","duree":283},{"titre":"Eclipse","duree":192},{"titre":"Bad Parents","duree":203},{"titre":"Knife Fight","duree":167},{"titre":"From Darkness to Light","duree":254},{"titre":"The Spirit Tree","duree":177}]},{"nom":"Dawn FM (Alternate World)","genres":["canadian contemporary r&b","canadian pop","pop"],"chansons":[{"titre":"Dawn FM","duree":96},{"titre":"Gasoline","duree":212},{"titre":"How Do I Make You Love Me?","duree":214},{"titre":"Take My Breath","duree":339},{"titre":"Sacrifice","duree":188},{"titre":"A Tale By Quincy","duree":96},{"titre":"Out of Time","duree":214},{"titre":"Here We Go\u2026 Again (feat. Tyler, the Creator)","duree":209},{"titre":"Best Friends","duree":163},{"titre":"Is There Someone Else?","duree":199},{"titre":"Starry Eyes","duree":148},{"titre":"Every Angel is Terrifying","duree":167},{"titre":"Don\u2019t Break My Heart","duree":205},{"titre":"I Heard You're Married (feat. Lil Wayne)","duree":263},{"titre":"Less Than Zero","duree":211},{"titre":"Phantom Regret by Jim","duree":179},{"titre":"Moth To A Flame (with The Weeknd)","duree":234},{"titre":"Dawn FM - OPN Remix","duree":183},{"titre":"How Do I Make You Love Me? - Sebastian Ingrosso & Salvatore Ganacci Remix","duree":217},{"titre":"Sacrifice (Remix) (feat. Swedish House Mafia)","duree":238},{"titre":"Out of Time - KAYTRANADA Remix","duree":275},{"titre":"Best Friends - Remix","duree":175},{"titre":"Starry Eyes - MIKE DEAN Remix","duree":198}]},{"nom":"Dawn FM (Alternate World)","genres":["canadian contemporary r&b","canadian pop","pop"],"chansons":[{"titre":"Dawn FM","duree":96},{"titre":"Gasoline","duree":212},{"titre":"How Do I Make You Love Me?","duree":214},{"titre":"Take My Breath","duree":339},{"titre":"Sacrifice","duree":188},{"titre":"A Tale By Quincy","duree":96},{"titre":"Out of Time","duree":214},{"titre":"Here We Go\u2026 Again (feat. Tyler, the Creator)","duree":209},{"titre":"Best Friends","duree":163},{"titre":"Is There Someone Else?","duree":199},{"titre":"Starry Eyes","duree":148},{"titre":"Every Angel is Terrifying","duree":167},{"titre":"Don\u2019t Break My Heart","duree":205},{"titre":"I Heard You're Married (feat. Lil Wayne)","duree":263},{"titre":"Less Than Zero","duree":211},{"titre":"Phantom Regret by Jim","duree":179},{"titre":"Moth To A Flame (with The Weeknd)","duree":234},{"titre":"Sacrifice (Remix) (feat. Swedish House Mafia)","duree":238},{"titre":"Out of Time - KAYTRANADA Remix","duree":275}]},{"nom":"Dawn FM (Alternate World)","genres":["canadian contemporary r&b","canadian pop","pop"],"chansons":[{"titre":"Dawn FM","duree":96},{"titre":"Gasoline","duree":212},{"titre":"How Do I Make You Love Me?","duree":214},{"titre":"Take My Breath","duree":339},{"titre":"Sacrifice","duree":188},{"titre":"A Tale By Quincy","duree":96},{"titre":"Out of Time","duree":214},{"titre":"Here We Go\u2026 Again (feat. Tyler, the Creator)","duree":209},{"titre":"Best Friends","duree":163},{"titre":"Is There Someone Else?","duree":199},{"titre":"Starry Eyes","duree":148},{"titre":"Every Angel is Terrifying","duree":167},{"titre":"Don\u2019t Break My Heart","duree":205},{"titre":"I Heard You're Married (feat. Lil Wayne)","duree":263},{"titre":"Less Than Zero","duree":211},{"titre":"Phantom Regret by Jim","duree":179},{"titre":"Take My Breath - Single Version","duree":220},{"titre":"Sacrifice (Remix) (feat. Swedish House Mafia)","duree":238}]},{"nom":"Dawn FM (Alternate World)","genres":["canadian contemporary r&b","canadian pop","pop"],"chansons":[{"titre":"Dawn FM","duree":96},{"titre":"Gasoline","duree":212},{"titre":"How Do I Make You Love Me?","duree":214},{"titre":"Take My Breath","duree":339},{"titre":"Sacrifice","duree":188},{"titre":"A Tale By Quincy","duree":96},{"titre":"Out of Time","duree":214},{"titre":"Here We Go\u2026 Again (feat. Tyler, the Creator)","duree":209},{"titre":"Best Friends","duree":163},{"titre":"Is There Someone Else?","duree":199},{"titre":"Starry Eyes","duree":148},{"titre":"Every Angel is Terrifying","duree":167},{"titre":"Don\u2019t Break My Heart","duree":205},{"titre":"I Heard You're Married (feat. Lil Wayne)","duree":263},{"titre":"Less Than Zero","duree":211},{"titre":"Phantom Regret by Jim","duree":179},{"titre":"Moth To A Flame (with The Weeknd)","duree":234},{"titre":"Dawn FM - OPN Remix","duree":183},{"titre":"How Do I Make You Love Me? - Sebastian Ingrosso & Salvatore Ganacci Remix","duree":217},{"titre":"Sacrifice (Remix) (feat. Swedish House Mafia)","duree":240},{"titre":"Out of Time - KAYTRANADA Remix","duree":275},{"titre":"Best Friends - Remix","duree":175},{"titre":"Starry Eyes - MIKE DEAN Remix","duree":198}]},{"nom":"Dawn FM","genres":["canadian contemporary r&b","canadian pop","pop"],"chansons":[{"titre":"Dawn FM","duree":96},{"titre":"Gasoline","duree":212},{"titre":"How Do I Make You Love Me?","duree":214},{"titre":"Take My Breath","duree":339},{"titre":"Sacrifice","duree":188},{"titre":"A Tale By Quincy","duree":96},{"titre":"Out of Time","duree":214},{"titre":"Here We Go\u2026 Again (feat. Tyler, the Creator)","duree":209},{"titre":"Best Friends","duree":163},{"titre":"Is There Someone Else?","duree":199},{"titre":"Starry Eyes","duree":148},{"titre":"Every Angel is Terrifying","duree":167},{"titre":"Don\u2019t Break My Heart","duree":205},{"titre":"I Heard You\u2019re Married (feat. Lil Wayne)","duree":263},{"titre":"Less Than Zero","duree":211}]},{"nom":"Dawn FM","genres":["canadian contemporary r&b","canadian pop","pop"],"chansons":[{"titre":"Dawn FM","duree":96},{"titre":"Gasoline","duree":212},{"titre":"How Do I Make You Love Me?","duree":214},{"titre":"Take My Breath","duree":339},{"titre":"Sacrifice","duree":188},{"titre":"A Tale By Quincy","duree":96},{"titre":"Out of Time","duree":214},{"titre":"Here We Go\u2026 Again (feat. Tyler, the Creator)","duree":209},{"titre":"Best Friends","duree":163},{"titre":"Is There Someone Else?","duree":199},{"titre":"Starry Eyes","duree":148},{"titre":"Every Angel is Terrifying","duree":167},{"titre":"Don\u2019t Break My Heart","duree":205},{"titre":"I Heard You\u2019re Married (feat. Lil Wayne)","duree":263},{"titre":"Less Than Zero","duree":211}]},{"nom":"After Hours (Deluxe)","genres":["canadian contemporary r&b","canadian pop","pop"],"chansons":[{"titre":"Alone Again","duree":250},{"titre":"Too Late","duree":239},{"titre":"Hardest To Love","duree":211},{"titre":"Scared To Live","duree":191},{"titre":"Snowchild","duree":247},{"titre":"Escape From LA","duree":355},{"titre":"Heartless","duree":198},{"titre":"Faith","duree":283},{"titre":"Blinding Lights","duree":200},{"titre":"In Your Eyes","duree":237},{"titre":"Save Your Tears","duree":215},{"titre":"Repeat After Me (Interlude)","duree":195},{"titre":"After Hours","duree":361},{"titre":"Until I Bleed Out","duree":192},{"titre":"Nothing Compares - Bonus Track","duree":222},{"titre":"Missed You - Bonus Track","duree":144},{"titre":"Final Lullaby - Bonus Track","duree":185}]},{"nom":"After Hours (Deluxe)","genres":["canadian contemporary r&b","canadian pop","pop"],"chansons":[{"titre":"Alone Again","duree":250},{"titre":"Too Late","duree":239},{"titre":"Hardest To Love","duree":211},{"titre":"Scared To Live","duree":191},{"titre":"Snowchild","duree":247},{"titre":"Escape From LA","duree":355},{"titre":"Heartless","duree":198},{"titre":"Faith","duree":283},{"titre":"Blinding Lights","duree":200},{"titre":"In Your Eyes","duree":237},{"titre":"Save Your Tears","duree":215},{"titre":"Repeat After Me (Interlude)","duree":195},{"titre":"After Hours","duree":361},{"titre":"Until I Bleed Out","duree":192},{"titre":"Nothing Compares - Bonus Track","duree":222},{"titre":"Missed You - Bonus Track","duree":144}]},{"nom":"After Hours (Deluxe)","genres":["canadian contemporary r&b","canadian pop","pop"],"chansons":[{"titre":"Alone Again","duree":250},{"titre":"Too Late","duree":239},{"titre":"Hardest To Love","duree":211},{"titre":"Scared To Live","duree":191},{"titre":"Snowchild","duree":247},{"titre":"Escape From LA","duree":355},{"titre":"Heartless","duree":198},{"titre":"Faith","duree":283},{"titre":"Blinding Lights","duree":200},{"titre":"In Your Eyes","duree":237},{"titre":"Save Your Tears","duree":215},{"titre":"Repeat After Me (Interlude)","duree":195},{"titre":"After Hours","duree":361},{"titre":"Until I Bleed Out","duree":192},{"titre":"Nothing Compares - Bonus Track","duree":222},{"titre":"Missed You - Bonus Track","duree":144},{"titre":"Final Lullaby - Bonus Track","duree":185}]}]},{"nom":"Nick Drake","albums":[{"nom":"Pink Moon","genres":["british folk","folk","melancholia","singer-songwriter"],"chansons":[{"titre":"Pink Moon","duree":124},{"titre":"Place To Be","duree":160},{"titre":"Road","duree":119},{"titre":"Which Will","duree":176},{"titre":"Horn","duree":81},{"titre":"Things Behind The Sun","duree":234},{"titre":"Know","duree":144},{"titre":"Parasite","duree":214},{"titre":"Free Ride","duree":182},{"titre":"Harvest Breed","duree":95}]},{"nom":"Bryter Layter","genres":["british folk","folk","melancholia","singer-songwriter"],"chansons":[{"titre":"Introduction","duree":92},{"titre":"Hazey Jane II","duree":225},{"titre":"At The Chime Of A City Clock","duree":283},{"titre":"One Of These Things First","duree":289},{"titre":"Hazey Jane I","duree":268},{"titre":"Bryter Layter","duree":200},{"titre":"Fly","duree":176},{"titre":"Poor Boy","duree":365},{"titre":"Northern Sky","duree":223}]}]},{"nom":"J. Cole","albums":[{"nom":"Might Delete Later","genres":["conscious hip hop","hip hop","north carolina hip hop","rap"],"chansons":[{"titre":"Pricey (feat. Ari Lennox, Young Dro & Gucci Mane)","duree":295},{"titre":"Crocodile Tearz","duree":229},{"titre":"Ready \u201824 (feat. Cam\u2019ron)","duree":210},{"titre":"Huntin\u2019 Wabbitz","duree":162},{"titre":"H.Y.B. (feat. Bas & Central Cee)","duree":234},{"titre":"Fever","duree":142},{"titre":"Stickz N Stonez","duree":200},{"titre":"Pi (feat. Daylyt & Ab-Soul)","duree":354},{"titre":"Stealth Mode (feat. Bas)","duree":135},{"titre":"3001","duree":157},{"titre":"Trae The Truth in Ibiza","duree":255}]},{"nom":"Might Delete Later","genres":["conscious hip hop","hip hop","north carolina hip hop","rap"],"chansons":[{"titre":"Pricey (feat. Ari Lennox, Young Dro & Gucci Mane)","duree":295},{"titre":"Crocodile Tearz","duree":229},{"titre":"Ready \u201824 (feat. Cam'ron)","duree":210},{"titre":"Huntin\u2019 Wabbitz","duree":162},{"titre":"H.Y.B. (feat. Bas & Central Cee)","duree":234},{"titre":"Fever","duree":142},{"titre":"Stickz N Stonez","duree":200},{"titre":"Pi (feat. Daylyt & Ab-Soul)","duree":354},{"titre":"Stealth Mode (feat. Bas)","duree":135},{"titre":"3001","duree":157},{"titre":"Trae The Truth in Ibiza","duree":255}]},{"nom":"D-Day: A Gangsta Grillz Mixtape","genres":["conscious hip hop","hip hop","north carolina hip hop","rap"],"chansons":[{"titre":"Stick (with JID & J. Cole feat. Kenny Mason & Sheck Wes)","duree":309},{"titre":"Ghetto Gods Freestyle (with EARTHGANG feat. 2 Chainz)","duree":173},{"titre":"Lifestyle (with Bas feat. A$AP Ferg)","duree":166},{"titre":"Starting 5 (with Lute, Cozz & Omen)","duree":270},{"titre":"Coming Down (with Ari Lennox)","duree":156},{"titre":"Hair Salon (with Cozz feat. G Perico & Reason)","duree":193},{"titre":"Freedom of Speech (with J. Cole)","duree":131},{"titre":"Blackberry Sap (with Ari Lennox)","duree":149},{"titre":"Like Wine (with Lute)","duree":155},{"titre":"Jozi Flows (with Bas & EARTHGANG)","duree":175},{"titre":"Barry From Simpson (with JID feat. 2 Chainz & Young Nudy)","duree":197},{"titre":"Everybody Ain\u2019t Shit (with EARTHGANG)","duree":203},{"titre":"Ballin in Newport (with Omen)","duree":212},{"titre":"Big Trouble Freestyle (with Cozz)","duree":163}]},{"nom":"D-Day: A Gangsta Grillz Mixtape","genres":["conscious hip hop","hip hop","north carolina hip hop","rap"],"chansons":[{"titre":"Stick (with JID & J. Cole feat. Kenny Mason & Sheck Wes)","duree":309},{"titre":"Ghetto Gods Freestyle (with EARTHGANG feat. 2 Chainz)","duree":173},{"titre":"Lifestyle (with Bas feat. A$AP Ferg)","duree":166},{"titre":"Starting 5 (with Lute, Cozz & Omen)","duree":270},{"titre":"Coming Down (with Ari Lennox)","duree":156},{"titre":"Hair Salon (with Cozz feat. G Perico & Reason)","duree":193},{"titre":"Freedom of Speech (with J. Cole)","duree":131},{"titre":"Blackberry Sap (with Ari Lennox)","duree":149},{"titre":"Like Wine (with Lute)","duree":155},{"titre":"Jozi Flows (with Bas & EARTHGANG)","duree":175},{"titre":"Barry From Simpson (with JID feat. 2 Chainz & Young Nudy)","duree":197},{"titre":"Everybody Ain't Shit (with EARTHGANG)","duree":203},{"titre":"Ballin in Newport (with Omen)","duree":212},{"titre":"Big Trouble Freestyle (with Cozz)","duree":163}]},{"nom":"The Off-Season","genres":["conscious hip hop","hip hop","north carolina hip hop","rap"],"chansons":[{"titre":"9 5 . s o u t h","duree":196},{"titre":"a m a r i","duree":148},{"titre":"m y . l i f e (with 21 Savage & Morray)","duree":218},{"titre":"a p p l y i n g . p r e s s u r e","duree":177},{"titre":"p u n c h i n \u2018 . t h e . c l o c k","duree":112},{"titre":"1 0 0 . m i l \u2018 (with Bas)","duree":163},{"titre":"p r i d e . i s . t h e . d e v i l (with Lil Baby)","duree":218},{"titre":"l e t . g o . m y . h a n d (with Bas & 6LACK)","duree":266},{"titre":"i n t e r l u d e","duree":133},{"titre":"t h e . c l i m b . b a c k","duree":306},{"titre":"c l o s e","duree":168}]},{"nom":"The Off-Season","genres":["conscious hip hop","hip hop","north carolina hip hop","rap"],"chansons":[{"titre":"9 5 . s o u t h","duree":196},{"titre":"a m a r i","duree":148},{"titre":"m y . l i f e (with 21 Savage & Morray)","duree":218},{"titre":"a p p l y i n g . p r e s s u r e","duree":177},{"titre":"p u n c h i n \u2018 . t h e . c l o c k","duree":112},{"titre":"1 0 0 . m i l \u2018 (with Bas)","duree":163},{"titre":"p r i d e . i s . t h e . d e v i l (with Lil Baby)","duree":218},{"titre":"l e t . g o . m y . h a n d (with Bas & 6LACK)","duree":266},{"titre":"i n t e r l u d e","duree":133},{"titre":"t h e . c l i m b . b a c k","duree":306},{"titre":"c l o s e","duree":168}]},{"nom":"Revenge Of The Dreamers III: Director's Cut","genres":["conscious hip hop","hip hop","north carolina hip hop","rap"],"chansons":[{"titre":"Under The Sun (with J. Cole & Lute feat. DaBaby)","duree":201},{"titre":"Down Bad (feat. JID, Bas, J. Cole, EARTHGANG & Young Nudy)","duree":169},{"titre":"LamboTruck (with Cozz feat. REASON & Childish Major)","duree":229},{"titre":"Swivel (with EARTHGANG) - From The Album \"Mirrorland\"","duree":194},{"titre":"Oh Wow...Swerve (with J. Cole feat. Zoink Gang, KEY! & Maxo Kream)","duree":275},{"titre":"Don't Hit Me Right Now (with Bas & Cozz feat. Yung Baby Tate, Guapdad 4000 & Buddy)","duree":174},{"titre":"Wells Fargo (with JID & EARTHGANG feat. Buddy & Guapdad 4000) - Interlude","duree":123},{"titre":"Sleep Deprived (with Lute & Omen feat. Mez & DaVionne)","duree":238},{"titre":"Self Love (with Ari Lennox & Bas feat. Baby Rose)","duree":223},{"titre":"Ladies, Ladies, Ladies (with JID feat. T.I.)","duree":167},{"titre":"Costa Rica (with Bas & JID feat. Guapdad 4000, Reese LAFLARE, Jace, Mez, Smokepurpp, Buddy & Ski Mask The Slump God)","duree":217},{"titre":"1993 (with J. Cole, JID, Cozz & EARTHGANG feat. Smino & Buddy)","duree":210},{"titre":"Rembrandt...Run It Back (with JID & J. Cole feat. Vince Staples)","duree":151},{"titre":"Sunset (with J. Cole feat. Young Nudy)","duree":178},{"titre":"Got Me (with Ari Lennox & Omen feat. Ty Dolla $ign & Dreezy)","duree":284},{"titre":"MIDDLE CHILD","duree":213},{"titre":"PTSD (with Omen feat. Mereba, Deante' Hitchcock & St. Beauty)","duree":237},{"titre":"Sacrifices (with EARTHGANG & J. Cole feat. Smino & Saba)","duree":382},{"titre":"Big Black Truck (with JID)","duree":152},{"titre":"Still Up (with EARTHGANG feat. REASON)","duree":205},{"titre":"Outta Pocket (with Bas & Cozz feat. Girl Talk)","duree":157},{"titre":"Late Night (with Cozz & Omen feat. Buddy & Landstrip Chip)","duree":196},{"titre":"Spin Move (with Bas feat. Saba, Smino & The Hics)","duree":223},{"titre":"BUSSIT (with Ari Lennox)","duree":150},{"titre":"Passcode (with Ari Lennox feat. Buddy, Smino, Mez & Guapdad 4000)","duree":206},{"titre":"Up Up Away (with JID & EARTHGANG feat. Vince Staples)","duree":199},{"titre":"No Chorus (with Bas feat. Buddy, Guapdad 4000 & Dreezy)","duree":202},{"titre":"Disgusted (with Cozz feat. Childish Major)","duree":163},{"titre":"Revenge (with Lute & Omen feat. Ari Lennox, EARTHGANG, Childish Major & REASON)","duree":333}]},{"nom":"Revenge Of The Dreamers III: Director's Cut","genres":["conscious hip hop","hip hop","north carolina hip hop","rap"],"chansons":[{"titre":"Under The Sun (with J. Cole & Lute feat. DaBaby)","duree":202},{"titre":"Down Bad (with JID & Bas feat. J. Cole, EARTHGANG & Young Nudy)","duree":169},{"titre":"LamboTruck (with Cozz feat. REASON & Childish Major)","duree":229},{"titre":"Swivel (feat. EARTHGANG) - From The Album \"Mirrorland\"","duree":194},{"titre":"Oh Wow...Swerve (feat. J. Cole, Zoink Gang, KEY! & Maxo Kream)","duree":275},{"titre":"Don't Hit Me Right Now (feat. Bas, Cozz, Yung Baby Tate, Guapdad 4000 & Buddy)","duree":174},{"titre":"Wells Fargo (feat. JID, EARTHGANG, Buddy & Guapdad 4000) - Interlude","duree":123},{"titre":"Sleep Deprived (feat. Lute, Omen, Mez & DaVionne)","duree":238},{"titre":"Self Love (feat. Ari Lennox, Bas & Baby Rose)","duree":223},{"titre":"Ladies, Ladies, Ladies (feat. JID & T.I.)","duree":167},{"titre":"Costa Rica (with Bas & JID feat. Guapdad 4000, Reese LAFLARE, Jace, Mez, Smokepurpp, Buddy, Ski Mask The Slump God)","duree":217},{"titre":"1993 (feat. J. Cole, JID, Cozz, EARTHGANG, Smino & Buddy)","duree":210},{"titre":"Rembrandt...Run It Back (feat. JID, J. Cole & Vince Staples)","duree":151},{"titre":"Sunset (feat. J. Cole & Young Nudy)","duree":178},{"titre":"Got Me (with Ari Lennox & Omen feat. Ty Dolla $ign & Dreezy)","duree":284},{"titre":"MIDDLE CHILD","duree":213},{"titre":"PTSD (feat. Omen, Mereba, Deante' Hitchcock & St. Beauty)","duree":237},{"titre":"Sacrifices (feat. EARTHGANG, J. Cole, Smino & Saba)","duree":382},{"titre":"Big Black Truck (with JID)","duree":152},{"titre":"Still Up (with EARTHGANG feat. REASON)","duree":205},{"titre":"Outta Pocket (with Bas & Cozz feat. Girl Talk)","duree":157},{"titre":"Late Night (with Cozz & Omen, feat. Buddy & Landstrip Chip)","duree":196},{"titre":"Spin Move (with Bas feat. Saba, Smino & The Hics)","duree":223},{"titre":"BUSSIT (with Ari Lennox)","duree":150},{"titre":"Passcode (with Ari Lennox feat. Buddy, Smino, Mez & Guapdad 4000)","duree":206},{"titre":"Up Up Away (with JID & EARTHGANG feat. Vince Staples)","duree":199},{"titre":"No Chorus (with Bas feat. Buddy, Guapdad 4000 & Dreezy)","duree":202},{"titre":"Disgusted (with Cozz feat. Childish Major)","duree":163},{"titre":"Revenge (with Lute & Omen feat. Ari Lennox, EARTHGANG, Childish Major & REASON)","duree":333}]},{"nom":"Revenge Of The Dreamers III","genres":["conscious hip hop","hip hop","north carolina hip hop","rap"],"chansons":[{"titre":"Under The Sun (with J. Cole & Lute feat. DaBaby)","duree":202},{"titre":"Down Bad (feat. JID, Bas, J. Cole, EARTHGANG & Young Nudy)","duree":169},{"titre":"LamboTruck (with Cozz feat. REASON & Childish Major)","duree":229},{"titre":"Swivel (with EARTHGANG) - From The Album \"Mirrorland\"","duree":194},{"titre":"Oh Wow...Swerve (with J. Cole feat. Zoink Gang, KEY! & Maxo Kream)","duree":275},{"titre":"Don't Hit Me Right Now (with Bas & Cozz feat. Yung Baby Tate, Guapdad 4000 & Buddy)","duree":174},{"titre":"Wells Fargo (with JID & EARTHGANG feat. Buddy & Guapdad 4000) - Interlude","duree":123},{"titre":"Sleep Deprived (with Lute & Omen feat. Mez & DaVionne)","duree":238},{"titre":"Self Love (with Ari Lennox & Bas feat. Baby Rose)","duree":223},{"titre":"Ladies, Ladies, Ladies (with JID feat. T.I.)","duree":167},{"titre":"Costa Rica (with Bas & JID feat. Guapdad 4000, Reese LAFLARE, Jace, Mez, Smokepurpp, Buddy & Ski Mask The Slump God)","duree":217},{"titre":"1993 (with J. Cole, JID, Cozz & EARTHGANG feat. Smino & Buddy)","duree":210},{"titre":"Rembrandt...Run It Back (with JID & J. Cole feat. Vince Staples)","duree":151},{"titre":"Sunset (with J. Cole feat. Young Nudy)","duree":178},{"titre":"Got Me (with Ari Lennox & Omen feat. Ty Dolla $ign & Dreezy)","duree":284},{"titre":"MIDDLE CHILD","duree":213},{"titre":"PTSD (with Omen feat. Mereba, Deante' Hitchcock & St. Beauty)","duree":237}]},{"nom":"Revenge Of The Dreamers III","genres":["conscious hip hop","hip hop","north carolina hip hop","rap"],"chansons":[{"titre":"Under The Sun (with J. Cole & Lute feat. DaBaby)","duree":202},{"titre":"Down Bad (with JID & Bas feat. J. Cole, EARTHGANG & Young Nudy)","duree":169},{"titre":"LamboTruck (with Cozz feat. REASON & Childish Major)","duree":229},{"titre":"Swivel (feat. EARTHGANG) - From The Album \"Mirrorland\"","duree":194},{"titre":"Oh Wow...Swerve (feat. J. Cole, Zoink Gang, KEY! & Maxo Kream)","duree":275},{"titre":"Don't Hit Me Right Now (feat. Bas, Cozz, Yung Baby Tate, Guapdad 4000 & Buddy)","duree":174},{"titre":"Wells Fargo (feat. JID, EARTHGANG, Buddy & Guapdad 4000) - Interlude","duree":123},{"titre":"Sleep Deprived (feat. Lute, Omen, Mez & DaVionne)","duree":238},{"titre":"Self Love (feat. Ari Lennox, Bas & Baby Rose)","duree":223},{"titre":"Ladies, Ladies, Ladies (feat. JID & T.I.)","duree":167},{"titre":"Costa Rica (with Bas & JID feat. Guapdad 4000, Reese LAFLARE, Jace, Mez, Smokepurpp, Buddy, Ski Mask The Slump God)","duree":217},{"titre":"1993 (feat. J. Cole, JID, Cozz, EARTHGANG, Smino & Buddy)","duree":210},{"titre":"Rembrandt...Run It Back (feat. JID, J. Cole & Vince Staples)","duree":151},{"titre":"Sunset (feat. J. Cole & Young Nudy)","duree":178},{"titre":"Got Me (with Ari Lennox & Omen feat. Ty Dolla $ign & Dreezy)","duree":284},{"titre":"MIDDLE CHILD","duree":213},{"titre":"PTSD (feat. Omen, Mereba, Deante' Hitchcock & St. Beauty)","duree":237}]}]},{"nom":"Drake Jr","albums":[]},{"nom":"Kendrick Lamar","albums":[{"nom":"Mr. Morale & The Big Steppers","genres":["conscious hip hop","hip hop","rap","west coast rap"],"chansons":[{"titre":"United In Grief","duree":255},{"titre":"N95","duree":195},{"titre":"Worldwide Steppers","duree":203},{"titre":"Die Hard","duree":239},{"titre":"Father Time (feat. Sampha)","duree":222},{"titre":"Rich - Interlude","duree":103},{"titre":"Rich Spirit","duree":202},{"titre":"We Cry Together","duree":341},{"titre":"Purple Hearts","duree":329},{"titre":"Count Me Out","duree":283},{"titre":"Crown","duree":264},{"titre":"Silent Hill","duree":220},{"titre":"Savior - Interlude","duree":152},{"titre":"Savior","duree":224},{"titre":"Auntie Diaries","duree":281},{"titre":"Mr. Morale","duree":210},{"titre":"Mother I Sober (feat. Beth Gibbons of Portishead)","duree":406},{"titre":"Mirror","duree":256}]},{"nom":"Mr. Morale & The Big Steppers","genres":["conscious hip hop","hip hop","rap","west coast rap"],"chansons":[{"titre":"United In Grief","duree":255},{"titre":"N95","duree":195},{"titre":"Worldwide Steppers","duree":203},{"titre":"Die Hard","duree":239},{"titre":"Father Time (feat. Sampha)","duree":222},{"titre":"Rich - Interlude","duree":103},{"titre":"Rich Spirit","duree":202},{"titre":"We Cry Together","duree":341},{"titre":"Purple Hearts","duree":329},{"titre":"Count Me Out","duree":283},{"titre":"Crown","duree":264},{"titre":"Silent Hill","duree":220},{"titre":"Savior - Interlude","duree":152},{"titre":"Savior","duree":224},{"titre":"Auntie Diaries","duree":281},{"titre":"Mr. Morale","duree":210},{"titre":"Mother I Sober (feat. Beth Gibbons of Portishead)","duree":406},{"titre":"Mirror","duree":256}]},{"nom":"Black Panther The Album Music From And Inspired By","genres":["conscious hip hop","hip hop","rap","west coast rap"],"chansons":[{"titre":"Black Panther","duree":130},{"titre":"All The Stars (with SZA)","duree":232},{"titre":"X (with 2 Chainz & Saudi)","duree":267},{"titre":"The Ways (with Swae Lee)","duree":238},{"titre":"Opps (with Yugen Blakrok)","duree":180},{"titre":"I Am","duree":208},{"titre":"Paramedic!","duree":219},{"titre":"Bloody Waters (with Anderson .Paak & James Blake)","duree":272},{"titre":"King's Dead (with Kendrick Lamar, Future & James Blake)","duree":225},{"titre":"Redemption Interlude","duree":85},{"titre":"Redemption (with Babes Wodumo)","duree":222},{"titre":"Seasons (with Sjava & Reason)","duree":242},{"titre":"Big Shot (with Travis Scott)","duree":221}]},{"nom":"Black Panther The Album Music From And Inspired By","genres":["conscious hip hop","hip hop","rap","west coast rap"],"chansons":[{"titre":"Black Panther","duree":130},{"titre":"All The Stars (with SZA)","duree":232},{"titre":"X (with 2 Chainz & Saudi)","duree":267},{"titre":"The Ways (with Swae Lee)","duree":238},{"titre":"Opps (with Yugen Blakrok)","duree":180},{"titre":"I Am","duree":208},{"titre":"Paramedic!","duree":219},{"titre":"Bloody Waters (with Anderson .Paak & James Blake)","duree":272},{"titre":"King's Dead (with Kendrick Lamar, Future & James Blake)","duree":225},{"titre":"Redemption Interlude","duree":85},{"titre":"Redemption (with Babes Wodumo)","duree":222},{"titre":"Seasons (with Sjava & Reason)","duree":242},{"titre":"Big Shot (with Travis Scott)","duree":221}]},{"nom":"DAMN. COLLECTORS EDITION.","genres":["conscious hip hop","hip hop","rap","west coast rap"],"chansons":[{"titre":"DUCKWORTH.","duree":248},{"titre":"GOD.","duree":248},{"titre":"FEAR.","duree":460},{"titre":"XXX. FEAT. U2.","duree":254},{"titre":"LOVE. FEAT. ZACARI.","duree":213},{"titre":"LUST.","duree":307},{"titre":"HUMBLE.","duree":177},{"titre":"PRIDE.","duree":275},{"titre":"LOYALTY. FEAT. RIHANNA.","duree":227},{"titre":"FEEL.","duree":214},{"titre":"ELEMENT.","duree":208},{"titre":"YAH.","duree":160},{"titre":"DNA.","duree":185}]},{"nom":"DAMN. COLLECTORS EDITION.","genres":["conscious hip hop","hip hop","rap","west coast rap"],"chansons":[{"titre":"DUCKWORTH.","duree":248},{"titre":"GOD.","duree":248},{"titre":"FEAR.","duree":460},{"titre":"XXX. FEAT. U2","duree":254},{"titre":"LOVE. FEAT. ZACARI.","duree":213},{"titre":"LUST.","duree":307},{"titre":"HUMBLE.","duree":177},{"titre":"PRIDE.","duree":275},{"titre":"LOYALTY. FEAT. RIHANNA.","duree":227},{"titre":"FEEL.","duree":214},{"titre":"ELEMENT.","duree":208},{"titre":"YAH.","duree":160},{"titre":"DNA.","duree":185}]},{"nom":"DAMN.","genres":["conscious hip hop","hip hop","rap","west coast rap"],"chansons":[{"titre":"BLOOD.","duree":118},{"titre":"DNA.","duree":185},{"titre":"YAH.","duree":160},{"titre":"ELEMENT.","duree":208},{"titre":"FEEL.","duree":214},{"titre":"LOYALTY. FEAT. RIHANNA.","duree":227},{"titre":"PRIDE.","duree":275},{"titre":"HUMBLE.","duree":177},{"titre":"LUST.","duree":307},{"titre":"LOVE. FEAT. ZACARI.","duree":213},{"titre":"XXX. FEAT. U2.","duree":254},{"titre":"FEAR.","duree":460},{"titre":"GOD.","duree":248}]},{"nom":"DAMN.","genres":["conscious hip hop","hip hop","rap","west coast rap"],"chansons":[{"titre":"BLOOD.","duree":118},{"titre":"DNA.","duree":185},{"titre":"YAH.","duree":160},{"titre":"ELEMENT.","duree":208},{"titre":"FEEL.","duree":214},{"titre":"LOYALTY. FEAT. RIHANNA.","duree":227},{"titre":"PRIDE.","duree":275},{"titre":"HUMBLE.","duree":177},{"titre":"LUST.","duree":307},{"titre":"LOVE. FEAT. ZACARI.","duree":213},{"titre":"XXX. FEAT. U2.","duree":254},{"titre":"FEAR.","duree":460},{"titre":"GOD.","duree":248}]},{"nom":"untitled unmastered.","genres":["conscious hip hop","hip hop","rap","west coast rap"],"chansons":[{"titre":"untitled 01 | 08.19.2014.","duree":247},{"titre":"untitled 02 | 06.23.2014.","duree":258},{"titre":"untitled 03 | 05.28.2013.","duree":154},{"titre":"untitled 04 | 08.14.2014.","duree":110},{"titre":"untitled 05 | 09.21.2014.","duree":338},{"titre":"untitled 06 | 06.30.2014.","duree":208},{"titre":"untitled 07 | 2014 - 2016","duree":496}]}]}]}
