{
    "artistes": [
      {
        "nom": "Artiste 1",
        "albums": [
          {
            "nom": "Album 1",
            "genres": ["Rock", "Pop"],
            "chansons": [
              {"titre": "Chanson 1", "duree": 210},
              {"titre": "Chanson 2", "duree": 180}
            ]
          }
        ]
      },
      {
        "nom": "Artiste 2",
        "albums": [
          {
            "nom": "Album 2",
            "genres": ["Jazz", "Blues"],
            "chansons": [
              {"titre": "Chanson 3", "duree": 200},
              {"titre": "Chanson 4", "duree": 190}
            ]
          },
          {
            "nom": "Album 3",
            "genres": ["Classique"],
            "chansons": [
              {"titre": "Chanson 5", "duree": 300}
            ]
          }
        ]
      },
      {
        "nom": "Artiste 3",
        "albums": [
          {
            "nom": "Album 4",
            "genres": ["Electronic", "Dance"],
            "chansons": [
              {"titre": "Chanson 6", "duree": 180},
              {"titre": "Chanson 7", "duree": 220},
              {"titre": "Chanson 8", "duree": 210}
            ]
          }
        ]
      }
    ]
  }
  